{"Train/loss": 47478.29222264984, "Train/lr": 1e-05, "Train/epoch_mae": 81.66317560842826, "_timestamp": 1684578729.7738345, "_runtime": 85560.21217751503, "_step": 999, "Val/bestMAE": 17.515958026372086, "Val/MAE": 18.75838353344773, "Val/MSE": 134.93560372814352, "_wandb": {"runtime": 85558}}